<?xml version="1.0" encoding="UTF-8"?>
<project version="4">
  <component name="AutoImportSettings">
    <option name="autoReloadType" value="SELECTIVE" />
  </component>
  <component name="ChangeListManager">
    <list default="true" id="539c35ce-7118-447d-82ba-0e97270b4b6d" name="Changes" comment="" />
    <option name="SHOW_DIALOG" value="false" />
    <option name="HIGHLIGHT_CONFLICTS" value="true" />
    <option name="HIGHLIGHT_NON_ACTIVE_CHANGELIST" value="false" />
    <option name="LAST_RESOLUTION" value="IGNORE" />
  </component>
  <component name="FileTemplateManagerImpl">
    <option name="RECENT_TEMPLATES">
      <list>
        <option value="Python Script" />
      </list>
    </option>
  </component>
  <component name="MarkdownSettingsMigration">
    <option name="stateVersion" value="1" />
  </component>
  <component name="ProjectId" id="2MLUV3i0SppuafkHdin3rJoAICh" />
  <component name="ProjectViewState">
    <option name="hideEmptyMiddlePackages" value="true" />
    <option name="showLibraryContents" value="true" />
  </component>
  <component name="PropertiesComponent">{
  &quot;keyToString&quot;: {
    &quot;RunOnceActivity.OpenProjectViewOnStart&quot;: &quot;true&quot;,
    &quot;RunOnceActivity.ShowReadmeOnStart&quot;: &quot;true&quot;,
    &quot;WebServerToolWindowFactoryState&quot;: &quot;false&quot;,
    &quot;last_opened_file_path&quot;: &quot;/Users/zhangchengkun/代码/JCT-Boost-Caltech2V&quot;,
    &quot;node.js.detected.package.eslint&quot;: &quot;true&quot;,
    &quot;node.js.detected.package.tslint&quot;: &quot;true&quot;,
    &quot;node.js.selected.package.eslint&quot;: &quot;(autodetect)&quot;,
    &quot;node.js.selected.package.tslint&quot;: &quot;(autodetect)&quot;,
    &quot;nodejs_package_manager_path&quot;: &quot;npm&quot;,
    &quot;settings.editor.selected.configurable&quot;: &quot;com.jetbrains.python.configuration.PyActiveSdkModuleConfigurable&quot;,
    &quot;vue.rearranger.settings.migration&quot;: &quot;true&quot;
  }
}</component>
  <component name="RecentsManager">
    <key name="CopyFile.RECENT_KEYS">
      <recent name="$PROJECT_DIR$/data/processed" />
    </key>
  </component>
  <component name="RunManager" selected="Python.boost">
    <configuration name="3d" type="PythonConfigurationType" factoryName="Python" nameIsGenerated="true">
      <module name="mvc-mlp_Caltech-2V" />
      <option name="INTERPRETER_OPTIONS" value="" />
      <option name="PARENT_ENVS" value="true" />
      <envs>
        <env name="PYTHONUNBUFFERED" value="1" />
      </envs>
      <option name="SDK_HOME" value="" />
      <option name="WORKING_DIRECTORY" value="$PROJECT_DIR$/src/models" />
      <option name="IS_MODULE_SDK" value="true" />
      <option name="ADD_CONTENT_ROOTS" value="true" />
      <option name="ADD_SOURCE_ROOTS" value="true" />
      <EXTENSION ID="PythonCoverageRunConfigurationExtension" runner="coverage.py" />
      <option name="SCRIPT_NAME" value="$PROJECT_DIR$/src/models/3d.py" />
      <option name="PARAMETERS" value="" />
      <option name="SHOW_COMMAND_LINE" value="false" />
      <option name="EMULATE_TERMINAL" value="false" />
      <option name="MODULE_MODE" value="false" />
      <option name="REDIRECT_INPUT" value="false" />
      <option name="INPUT_FILE" value="" />
      <method v="2" />
    </configuration>
    <configuration name="boost" type="PythonConfigurationType" factoryName="Python" nameIsGenerated="true">
      <module name="mvc-mlp_Caltech-2V" />
      <option name="INTERPRETER_OPTIONS" value="" />
      <option name="PARENT_ENVS" value="true" />
      <envs>
        <env name="PYTHONUNBUFFERED" value="1" />
      </envs>
      <option name="SDK_HOME" value="" />
      <option name="WORKING_DIRECTORY" value="$PROJECT_DIR$/src/models" />
      <option name="IS_MODULE_SDK" value="true" />
      <option name="ADD_CONTENT_ROOTS" value="true" />
      <option name="ADD_SOURCE_ROOTS" value="true" />
      <EXTENSION ID="PythonCoverageRunConfigurationExtension" runner="coverage.py" />
      <option name="SCRIPT_NAME" value="$PROJECT_DIR$/src/models/boost.py" />
      <option name="PARAMETERS" value="-c caltech2v_contrast -t qegnru12" />
      <option name="SHOW_COMMAND_LINE" value="false" />
      <option name="EMULATE_TERMINAL" value="false" />
      <option name="MODULE_MODE" value="false" />
      <option name="REDIRECT_INPUT" value="false" />
      <option name="INPUT_FILE" value="" />
      <method v="2" />
    </configuration>
    <configuration name="boost_test" type="PythonConfigurationType" factoryName="Python" nameIsGenerated="true">
      <module name="mvc-mlp_Caltech-2V" />
      <option name="INTERPRETER_OPTIONS" value="" />
      <option name="PARENT_ENVS" value="true" />
      <envs>
        <env name="PYTHONUNBUFFERED" value="1" />
      </envs>
      <option name="SDK_HOME" value="" />
      <option name="WORKING_DIRECTORY" value="$PROJECT_DIR$/src/models" />
      <option name="IS_MODULE_SDK" value="true" />
      <option name="ADD_CONTENT_ROOTS" value="true" />
      <option name="ADD_SOURCE_ROOTS" value="true" />
      <EXTENSION ID="PythonCoverageRunConfigurationExtension" runner="coverage.py" />
      <option name="SCRIPT_NAME" value="$PROJECT_DIR$/src/models/boost_test.py" />
      <option name="PARAMETERS" value="-c caltech2v_contrast -t 4lxmnpul" />
      <option name="SHOW_COMMAND_LINE" value="false" />
      <option name="EMULATE_TERMINAL" value="false" />
      <option name="MODULE_MODE" value="false" />
      <option name="REDIRECT_INPUT" value="false" />
      <option name="INPUT_FILE" value="" />
      <method v="2" />
    </configuration>
    <configuration name="contrastive_mvc" type="PythonConfigurationType" factoryName="Python" temporary="true" nameIsGenerated="true">
      <module name="mvc-mlp_Caltech-2V" />
      <option name="INTERPRETER_OPTIONS" value="" />
      <option name="PARENT_ENVS" value="true" />
      <envs>
        <env name="PYTHONUNBUFFERED" value="1" />
      </envs>
      <option name="SDK_HOME" value="" />
      <option name="WORKING_DIRECTORY" value="$PROJECT_DIR$/src/models" />
      <option name="IS_MODULE_SDK" value="true" />
      <option name="ADD_CONTENT_ROOTS" value="true" />
      <option name="ADD_SOURCE_ROOTS" value="true" />
      <EXTENSION ID="PythonCoverageRunConfigurationExtension" runner="coverage.py" />
      <option name="SCRIPT_NAME" value="$PROJECT_DIR$/src/models/contrastive_mvc.py" />
      <option name="PARAMETERS" value="" />
      <option name="SHOW_COMMAND_LINE" value="false" />
      <option name="EMULATE_TERMINAL" value="false" />
      <option name="MODULE_MODE" value="false" />
      <option name="REDIRECT_INPUT" value="false" />
      <option name="INPUT_FILE" value="" />
      <method v="2" />
    </configuration>
    <configuration name="convergence_analysis" type="PythonConfigurationType" factoryName="Python" nameIsGenerated="true">
      <module name="mvc-mlp_Caltech-2V" />
      <option name="INTERPRETER_OPTIONS" value="" />
      <option name="PARENT_ENVS" value="true" />
      <envs>
        <env name="PYTHONUNBUFFERED" value="1" />
      </envs>
      <option name="SDK_HOME" value="" />
      <option name="WORKING_DIRECTORY" value="$PROJECT_DIR$/src/models" />
      <option name="IS_MODULE_SDK" value="true" />
      <option name="ADD_CONTENT_ROOTS" value="true" />
      <option name="ADD_SOURCE_ROOTS" value="true" />
      <EXTENSION ID="PythonCoverageRunConfigurationExtension" runner="coverage.py" />
      <option name="SCRIPT_NAME" value="$PROJECT_DIR$/src/models/convergence_analysis.py" />
      <option name="PARAMETERS" value="" />
      <option name="SHOW_COMMAND_LINE" value="false" />
      <option name="EMULATE_TERMINAL" value="false" />
      <option name="MODULE_MODE" value="false" />
      <option name="REDIRECT_INPUT" value="false" />
      <option name="INPUT_FILE" value="" />
      <method v="2" />
    </configuration>
    <configuration name="eval-tsne" type="PythonConfigurationType" factoryName="Python" nameIsGenerated="true">
      <module name="mvc-mlp_Caltech-2V" />
      <option name="INTERPRETER_OPTIONS" value="" />
      <option name="PARENT_ENVS" value="true" />
      <envs>
        <env name="PYTHONUNBUFFERED" value="1" />
      </envs>
      <option name="SDK_HOME" value="" />
      <option name="WORKING_DIRECTORY" value="$PROJECT_DIR$/src/models" />
      <option name="IS_MODULE_SDK" value="true" />
      <option name="ADD_CONTENT_ROOTS" value="true" />
      <option name="ADD_SOURCE_ROOTS" value="true" />
      <EXTENSION ID="PythonCoverageRunConfigurationExtension" runner="coverage.py" />
      <option name="SCRIPT_NAME" value="$PROJECT_DIR$/src/models/eval-tsne.py" />
      <option name="PARAMETERS" value="-c caltech2v_contrast -t zjs3i7rs -p True" />
      <option name="SHOW_COMMAND_LINE" value="false" />
      <option name="EMULATE_TERMINAL" value="false" />
      <option name="MODULE_MODE" value="false" />
      <option name="REDIRECT_INPUT" value="false" />
      <option name="INPUT_FILE" value="" />
      <method v="2" />
    </configuration>
    <configuration name="evaluate" type="PythonConfigurationType" factoryName="Python" nameIsGenerated="true">
      <module name="mvc-mlp_Caltech-2V" />
      <option name="INTERPRETER_OPTIONS" value="" />
      <option name="PARENT_ENVS" value="true" />
      <envs>
        <env name="PYTHONUNBUFFERED" value="1" />
      </envs>
      <option name="SDK_HOME" value="" />
      <option name="WORKING_DIRECTORY" value="$PROJECT_DIR$/src/models" />
      <option name="IS_MODULE_SDK" value="true" />
      <option name="ADD_CONTENT_ROOTS" value="true" />
      <option name="ADD_SOURCE_ROOTS" value="true" />
      <EXTENSION ID="PythonCoverageRunConfigurationExtension" runner="coverage.py" />
      <option name="SCRIPT_NAME" value="$PROJECT_DIR$/src/models/evaluate.py" />
      <option name="PARAMETERS" value="-c caltech2v_contrast -t y5esfkl6 --plot" />
      <option name="SHOW_COMMAND_LINE" value="false" />
      <option name="EMULATE_TERMINAL" value="false" />
      <option name="MODULE_MODE" value="false" />
      <option name="REDIRECT_INPUT" value="false" />
      <option name="INPUT_FILE" value="" />
      <method v="2" />
    </configuration>
    <configuration name="model_base" type="PythonConfigurationType" factoryName="Python" temporary="true" nameIsGenerated="true">
      <module name="mvc-mlp_Caltech-2V" />
      <option name="INTERPRETER_OPTIONS" value="" />
      <option name="PARENT_ENVS" value="true" />
      <envs>
        <env name="PYTHONUNBUFFERED" value="1" />
      </envs>
      <option name="SDK_HOME" value="" />
      <option name="WORKING_DIRECTORY" value="$PROJECT_DIR$/src/models" />
      <option name="IS_MODULE_SDK" value="true" />
      <option name="ADD_CONTENT_ROOTS" value="true" />
      <option name="ADD_SOURCE_ROOTS" value="true" />
      <EXTENSION ID="PythonCoverageRunConfigurationExtension" runner="coverage.py" />
      <option name="SCRIPT_NAME" value="$PROJECT_DIR$/src/models/model_base.py" />
      <option name="PARAMETERS" value="" />
      <option name="SHOW_COMMAND_LINE" value="false" />
      <option name="EMULATE_TERMINAL" value="false" />
      <option name="MODULE_MODE" value="false" />
      <option name="REDIRECT_INPUT" value="false" />
      <option name="INPUT_FILE" value="" />
      <method v="2" />
    </configuration>
    <configuration name="test_load" type="PythonConfigurationType" factoryName="Python" temporary="true" nameIsGenerated="true">
      <module name="mvc-mlp_Caltech-2V" />
      <option name="INTERPRETER_OPTIONS" value="" />
      <option name="PARENT_ENVS" value="true" />
      <envs>
        <env name="PYTHONUNBUFFERED" value="1" />
      </envs>
      <option name="SDK_HOME" value="" />
      <option name="WORKING_DIRECTORY" value="$PROJECT_DIR$/src/models" />
      <option name="IS_MODULE_SDK" value="true" />
      <option name="ADD_CONTENT_ROOTS" value="true" />
      <option name="ADD_SOURCE_ROOTS" value="true" />
      <EXTENSION ID="PythonCoverageRunConfigurationExtension" runner="coverage.py" />
      <option name="SCRIPT_NAME" value="$PROJECT_DIR$/src/models/test_load.py" />
      <option name="PARAMETERS" value="-c caltech2v_contrast -t bjaq9jmt" />
      <option name="SHOW_COMMAND_LINE" value="false" />
      <option name="EMULATE_TERMINAL" value="false" />
      <option name="MODULE_MODE" value="false" />
      <option name="REDIRECT_INPUT" value="false" />
      <option name="INPUT_FILE" value="" />
      <method v="2" />
    </configuration>
    <configuration name="train" type="PythonConfigurationType" factoryName="Python" nameIsGenerated="true">
      <module name="mvc-mlp_Caltech-2V" />
      <option name="INTERPRETER_OPTIONS" value="" />
      <option name="PARENT_ENVS" value="true" />
      <envs>
        <env name="PYTHONUNBUFFERED" value="1" />
      </envs>
      <option name="SDK_HOME" value="" />
      <option name="WORKING_DIRECTORY" value="$PROJECT_DIR$/src/models" />
      <option name="IS_MODULE_SDK" value="true" />
      <option name="ADD_CONTENT_ROOTS" value="true" />
      <option name="ADD_SOURCE_ROOTS" value="true" />
      <EXTENSION ID="PythonCoverageRunConfigurationExtension" runner="coverage.py" />
      <option name="SCRIPT_NAME" value="$PROJECT_DIR$/src/models/train.py" />
      <option name="PARAMETERS" value="-c caltech2v_contrast" />
      <option name="SHOW_COMMAND_LINE" value="false" />
      <option name="EMULATE_TERMINAL" value="false" />
      <option name="MODULE_MODE" value="false" />
      <option name="REDIRECT_INPUT" value="false" />
      <option name="INPUT_FILE" value="" />
      <method v="2" />
    </configuration>
    <configuration name="train_params" type="PythonConfigurationType" factoryName="Python" nameIsGenerated="true">
      <module name="mvc-mlp_Caltech-2V" />
      <option name="INTERPRETER_OPTIONS" value="" />
      <option name="PARENT_ENVS" value="true" />
      <envs>
        <env name="PYTHONUNBUFFERED" value="1" />
      </envs>
      <option name="SDK_HOME" value="" />
      <option name="WORKING_DIRECTORY" value="$PROJECT_DIR$/src/models" />
      <option name="IS_MODULE_SDK" value="true" />
      <option name="ADD_CONTENT_ROOTS" value="true" />
      <option name="ADD_SOURCE_ROOTS" value="true" />
      <EXTENSION ID="PythonCoverageRunConfigurationExtension" runner="coverage.py" />
      <option name="SCRIPT_NAME" value="$PROJECT_DIR$/src/models/train_params.py" />
      <option name="PARAMETERS" value="-c caltech3v_contrast" />
      <option name="SHOW_COMMAND_LINE" value="false" />
      <option name="EMULATE_TERMINAL" value="false" />
      <option name="MODULE_MODE" value="false" />
      <option name="REDIRECT_INPUT" value="false" />
      <option name="INPUT_FILE" value="" />
      <method v="2" />
    </configuration>
    <list>
      <item itemvalue="Python.3d" />
      <item itemvalue="Python.convergence_analysis" />
      <item itemvalue="Python.eval-tsne" />
      <item itemvalue="Python.train" />
      <item itemvalue="Python.train_params" />
      <item itemvalue="Python.boost" />
      <item itemvalue="Python.evaluate" />
      <item itemvalue="Python.boost_test" />
      <item itemvalue="Python.contrastive_mvc" />
      <item itemvalue="Python.model_base" />
      <item itemvalue="Python.test_load" />
    </list>
    <recent_temporary>
      <list>
        <item itemvalue="Python.test_load" />
        <item itemvalue="Python.model_base" />
        <item itemvalue="Python.contrastive_mvc" />
      </list>
    </recent_temporary>
  </component>
  <component name="SpellCheckerSettings" RuntimeDictionaries="0" Folders="0" CustomDictionaries="0" DefaultDictionary="application-level" UseSingleDictionary="true" transferred="true" />
  <component name="TaskManager">
    <task active="true" id="Default" summary="Default task">
      <changelist id="539c35ce-7118-447d-82ba-0e97270b4b6d" name="Changes" comment="" />
      <created>1677546376321</created>
      <option name="number" value="Default" />
      <option name="presentableId" value="Default" />
      <updated>1677546376321</updated>
      <workItem from="1677546377538" duration="4282000" />
      <workItem from="1677550678999" duration="7041000" />
      <workItem from="1677588294125" duration="2825000" />
      <workItem from="1677591150316" duration="1254000" />
      <workItem from="1677632845533" duration="65485000" />
      <workItem from="1678153833728" duration="1418000" />
      <workItem from="1678168618297" duration="1689000" />
      <workItem from="1678172304350" duration="13132000" />
      <workItem from="1678245400114" duration="20016000" />
      <workItem from="1678279102484" duration="13143000" />
      <workItem from="1678336293882" duration="43255000" />
      <workItem from="1678452885154" duration="10000" />
      <workItem from="1678585059930" duration="9765000" />
      <workItem from="1678693791270" duration="106000" />
      <workItem from="1678693924569" duration="2377000" />
      <workItem from="1678780543106" duration="17594000" />
    </task>
    <servers />
  </component>
  <component name="TypeScriptGeneratedFilesManager">
    <option name="version" value="3" />
  </component>
  <component name="XDebuggerManager">
    <breakpoint-manager>
      <breakpoints>
        <line-breakpoint enabled="true" suspend="THREAD" type="python-line">
          <url>file://$PROJECT_DIR$/src/models/eval-tsne.py</url>
          <line>279</line>
          <option name="timeStamp" value="50" />
        </line-breakpoint>
        <line-breakpoint enabled="true" suspend="THREAD" type="python-line">
          <url>file://$PROJECT_DIR$/src/models/eval-tsne.py</url>
          <line>281</line>
          <option name="timeStamp" value="51" />
        </line-breakpoint>
        <line-breakpoint enabled="true" suspend="THREAD" type="python-line">
          <url>file://$PROJECT_DIR$/src/models/boost_test.py</url>
          <line>25</line>
          <option name="timeStamp" value="181" />
        </line-breakpoint>
        <line-breakpoint enabled="true" suspend="THREAD" type="python-line">
          <url>file://$PROJECT_DIR$/src/models/train.py</url>
          <line>31</line>
          <option name="timeStamp" value="184" />
        </line-breakpoint>
        <line-breakpoint enabled="true" suspend="THREAD" type="python-line">
          <url>file://$PROJECT_DIR$/src/models/boost.py</url>
          <line>140</line>
          <option name="timeStamp" value="201" />
        </line-breakpoint>
        <line-breakpoint enabled="true" suspend="THREAD" type="python-line">
          <url>file://$PROJECT_DIR$/src/models/evaluate.py</url>
          <line>379</line>
          <option name="timeStamp" value="205" />
        </line-breakpoint>
        <line-breakpoint enabled="true" suspend="THREAD" type="python-line">
          <url>file://$PROJECT_DIR$/src/models/evaluate.py</url>
          <line>280</line>
          <option name="timeStamp" value="206" />
        </line-breakpoint>
      </breakpoints>
      <default-breakpoints>
        <breakpoint type="python-exception">
          <properties notifyOnTerminate="true" exception="BaseException">
            <option name="notifyOnTerminate" value="true" />
          </properties>
        </breakpoint>
      </default-breakpoints>
    </breakpoint-manager>
  </component>
  <component name="com.intellij.coverage.CoverageDataManagerImpl">
    <SUITE FILE_PATH="coverage/JCT_Boost$train.coverage" NAME="train Coverage Results" MODIFIED="1678442351002" SOURCE_PROVIDER="com.intellij.coverage.DefaultCoverageFileProvider" RUNNER="coverage.py" COVERAGE_BY_TEST_ENABLED="true" COVERAGE_TRACING_ENABLED="false" WORKING_DIRECTORY="$PROJECT_DIR$/src/models" />
    <SUITE FILE_PATH="coverage/JCT_Caltech_2V$time_epoch.coverage" NAME="time-epoch Coverage Results" MODIFIED="1678061041991" SOURCE_PROVIDER="com.intellij.coverage.DefaultCoverageFileProvider" RUNNER="coverage.py" COVERAGE_BY_TEST_ENABLED="true" COVERAGE_TRACING_ENABLED="false" WORKING_DIRECTORY="$PROJECT_DIR$/time_epoch" />
    <SUITE FILE_PATH="coverage/JCT_Caltech_2V$train.coverage" NAME="train Coverage Results" MODIFIED="1678083983607" SOURCE_PROVIDER="com.intellij.coverage.DefaultCoverageFileProvider" RUNNER="coverage.py" COVERAGE_BY_TEST_ENABLED="true" COVERAGE_TRACING_ENABLED="false" WORKING_DIRECTORY="$PROJECT_DIR$/src/models" />
    <SUITE FILE_PATH="coverage/mvc_mlp_Caltech_2V$3d.coverage" NAME="3d Coverage Results" MODIFIED="1677588311372" SOURCE_PROVIDER="com.intellij.coverage.DefaultCoverageFileProvider" RUNNER="coverage.py" COVERAGE_BY_TEST_ENABLED="true" COVERAGE_TRACING_ENABLED="false" WORKING_DIRECTORY="$PROJECT_DIR$/src/models" />
    <SUITE FILE_PATH="coverage/JCT_Boost_Caltech2V$train.coverage" NAME="train Coverage Results" MODIFIED="1678867939418" SOURCE_PROVIDER="com.intellij.coverage.DefaultCoverageFileProvider" RUNNER="coverage.py" COVERAGE_BY_TEST_ENABLED="true" COVERAGE_TRACING_ENABLED="false" WORKING_DIRECTORY="$PROJECT_DIR$/src/models" />
    <SUITE FILE_PATH="coverage/JCT_Caltech_2V$load.coverage" NAME="load Coverage Results" MODIFIED="1678062206495" SOURCE_PROVIDER="com.intellij.coverage.DefaultCoverageFileProvider" RUNNER="coverage.py" COVERAGE_BY_TEST_ENABLED="true" COVERAGE_TRACING_ENABLED="false" WORKING_DIRECTORY="$PROJECT_DIR$/src/data" />
    <SUITE FILE_PATH="coverage/mvc_mlp_Caltech_2V$train.coverage" NAME="train Coverage Results" MODIFIED="1677590212240" SOURCE_PROVIDER="com.intellij.coverage.DefaultCoverageFileProvider" RUNNER="coverage.py" COVERAGE_BY_TEST_ENABLED="true" COVERAGE_TRACING_ENABLED="false" WORKING_DIRECTORY="$PROJECT_DIR$/src/models" />
    <SUITE FILE_PATH="coverage/JCT_Caltech_2V$loss.coverage" NAME="loss Coverage Results" MODIFIED="1677806699043" SOURCE_PROVIDER="com.intellij.coverage.DefaultCoverageFileProvider" RUNNER="coverage.py" COVERAGE_BY_TEST_ENABLED="true" COVERAGE_TRACING_ENABLED="false" WORKING_DIRECTORY="$PROJECT_DIR$/src/lib" />
    <SUITE FILE_PATH="coverage/JCT_Caltech_2V$convergence_analysis.coverage" NAME="convergence_analysis Coverage Results" MODIFIED="1678065094706" SOURCE_PROVIDER="com.intellij.coverage.DefaultCoverageFileProvider" RUNNER="coverage.py" COVERAGE_BY_TEST_ENABLED="true" COVERAGE_TRACING_ENABLED="false" WORKING_DIRECTORY="$PROJECT_DIR$/src/models" />
    <SUITE FILE_PATH="coverage/mvc_mlp_Caltech_2V$eval_tsne.coverage" NAME="eval-tsne Coverage Results" MODIFIED="1677567775493" SOURCE_PROVIDER="com.intellij.coverage.DefaultCoverageFileProvider" RUNNER="coverage.py" COVERAGE_BY_TEST_ENABLED="true" COVERAGE_TRACING_ENABLED="false" WORKING_DIRECTORY="$PROJECT_DIR$/src/models" />
    <SUITE FILE_PATH="coverage/JCT_Boost$test_load.coverage" NAME="test_load Coverage Results" MODIFIED="1678413871032" SOURCE_PROVIDER="com.intellij.coverage.DefaultCoverageFileProvider" RUNNER="coverage.py" COVERAGE_BY_TEST_ENABLED="true" COVERAGE_TRACING_ENABLED="false" WORKING_DIRECTORY="$PROJECT_DIR$/src/models" />
    <SUITE FILE_PATH="coverage/JCT_Boost$boost.coverage" NAME="boost Coverage Results" MODIFIED="1678425475952" SOURCE_PROVIDER="com.intellij.coverage.DefaultCoverageFileProvider" RUNNER="coverage.py" COVERAGE_BY_TEST_ENABLED="true" COVERAGE_TRACING_ENABLED="false" WORKING_DIRECTORY="$PROJECT_DIR$/src/models" />
    <SUITE FILE_PATH="coverage/JCT_Caltech_2V$Caltech2V_mlp.coverage" NAME="Caltech2V_mlp Coverage Results" MODIFIED="1677723814069" SOURCE_PROVIDER="com.intellij.coverage.DefaultCoverageFileProvider" RUNNER="coverage.py" COVERAGE_BY_TEST_ENABLED="true" COVERAGE_TRACING_ENABLED="false" WORKING_DIRECTORY="$PROJECT_DIR$/src/config/experiments" />
    <SUITE FILE_PATH="coverage/mvc_mlp_Caltech_2V$time_epoch.coverage" NAME="time-epoch Coverage Results" MODIFIED="1677553765613" SOURCE_PROVIDER="com.intellij.coverage.DefaultCoverageFileProvider" RUNNER="coverage.py" COVERAGE_BY_TEST_ENABLED="true" COVERAGE_TRACING_ENABLED="false" WORKING_DIRECTORY="$PROJECT_DIR$/time_epoch" />
    <SUITE FILE_PATH="coverage/JCT_Boost$contrastive_mvc.coverage" NAME="contrastive_mvc Coverage Results" MODIFIED="1678339929781" SOURCE_PROVIDER="com.intellij.coverage.DefaultCoverageFileProvider" RUNNER="coverage.py" COVERAGE_BY_TEST_ENABLED="true" COVERAGE_TRACING_ENABLED="false" WORKING_DIRECTORY="$PROJECT_DIR$/src/models" />
    <SUITE FILE_PATH="coverage/JCT_Caltech_2V$eval_tsne.coverage" NAME="eval-tsne Coverage Results" MODIFIED="1677805797972" SOURCE_PROVIDER="com.intellij.coverage.DefaultCoverageFileProvider" RUNNER="coverage.py" COVERAGE_BY_TEST_ENABLED="true" COVERAGE_TRACING_ENABLED="false" WORKING_DIRECTORY="$PROJECT_DIR$/src/models" />
    <SUITE FILE_PATH="coverage/JCT_Boost$eval_tsne.coverage" NAME="eval-tsne Coverage Results" MODIFIED="1678281924362" SOURCE_PROVIDER="com.intellij.coverage.DefaultCoverageFileProvider" RUNNER="coverage.py" COVERAGE_BY_TEST_ENABLED="true" COVERAGE_TRACING_ENABLED="false" WORKING_DIRECTORY="$PROJECT_DIR$/src/models" />
    <SUITE FILE_PATH="coverage/JCT_Boost$convergence_analysis.coverage" NAME="convergence_analysis Coverage Results" MODIFIED="1678343436644" SOURCE_PROVIDER="com.intellij.coverage.DefaultCoverageFileProvider" RUNNER="coverage.py" COVERAGE_BY_TEST_ENABLED="true" COVERAGE_TRACING_ENABLED="false" WORKING_DIRECTORY="$PROJECT_DIR$/src/models" />
    <SUITE FILE_PATH="coverage/JCT_Boost$train_params.coverage" NAME="train_params Coverage Results" MODIFIED="1678441883059" SOURCE_PROVIDER="com.intellij.coverage.DefaultCoverageFileProvider" RUNNER="coverage.py" COVERAGE_BY_TEST_ENABLED="true" COVERAGE_TRACING_ENABLED="false" WORKING_DIRECTORY="$PROJECT_DIR$/src/models" />
    <SUITE FILE_PATH="coverage/JCT_Caltech_2V$train_params.coverage" NAME="train_params Coverage Results" MODIFIED="1678084180441" SOURCE_PROVIDER="com.intellij.coverage.DefaultCoverageFileProvider" RUNNER="coverage.py" COVERAGE_BY_TEST_ENABLED="true" COVERAGE_TRACING_ENABLED="false" WORKING_DIRECTORY="$PROJECT_DIR$/src/models" />
    <SUITE FILE_PATH="coverage/JCT_Boost$boost_test.coverage" NAME="boost_test Coverage Results" MODIFIED="1678411952734" SOURCE_PROVIDER="com.intellij.coverage.DefaultCoverageFileProvider" RUNNER="coverage.py" COVERAGE_BY_TEST_ENABLED="true" COVERAGE_TRACING_ENABLED="false" WORKING_DIRECTORY="$PROJECT_DIR$/src/models" />
    <SUITE FILE_PATH="coverage/JCT_Boost_Caltech2V$convergence_analysis.coverage" NAME="convergence_analysis Coverage Results" MODIFIED="1678864170532" SOURCE_PROVIDER="com.intellij.coverage.DefaultCoverageFileProvider" RUNNER="coverage.py" COVERAGE_BY_TEST_ENABLED="true" COVERAGE_TRACING_ENABLED="false" WORKING_DIRECTORY="$PROJECT_DIR$/src/models" />
    <SUITE FILE_PATH="coverage/JCT_Boost_Caltech2V$boost.coverage" NAME="boost Coverage Results" MODIFIED="1678867793403" SOURCE_PROVIDER="com.intellij.coverage.DefaultCoverageFileProvider" RUNNER="coverage.py" COVERAGE_BY_TEST_ENABLED="true" COVERAGE_TRACING_ENABLED="false" WORKING_DIRECTORY="$PROJECT_DIR$/src/models" />
    <SUITE FILE_PATH="coverage/JCT_Caltech_2V$3d.coverage" NAME="3d Coverage Results" MODIFIED="1678070750566" SOURCE_PROVIDER="com.intellij.coverage.DefaultCoverageFileProvider" RUNNER="coverage.py" COVERAGE_BY_TEST_ENABLED="true" COVERAGE_TRACING_ENABLED="false" WORKING_DIRECTORY="$PROJECT_DIR$/src/models" />
    <SUITE FILE_PATH="coverage/JCT_Boost_Caltech2V$test_load.coverage" NAME="test_load Coverage Results" MODIFIED="1678685356197" SOURCE_PROVIDER="com.intellij.coverage.DefaultCoverageFileProvider" RUNNER="coverage.py" COVERAGE_BY_TEST_ENABLED="true" COVERAGE_TRACING_ENABLED="false" WORKING_DIRECTORY="$PROJECT_DIR$/src/models" />
    <SUITE FILE_PATH="coverage/JCT_Boost_Caltech2V$evaluate.coverage" NAME="evaluate Coverage Results" MODIFIED="1678858642044" SOURCE_PROVIDER="com.intellij.coverage.DefaultCoverageFileProvider" RUNNER="coverage.py" COVERAGE_BY_TEST_ENABLED="true" COVERAGE_TRACING_ENABLED="false" WORKING_DIRECTORY="$PROJECT_DIR$/src/models" />
    <SUITE FILE_PATH="coverage/JCT_Boost$model_base.coverage" NAME="model_base Coverage Results" MODIFIED="1678340316917" SOURCE_PROVIDER="com.intellij.coverage.DefaultCoverageFileProvider" RUNNER="coverage.py" COVERAGE_BY_TEST_ENABLED="true" COVERAGE_TRACING_ENABLED="false" WORKING_DIRECTORY="$PROJECT_DIR$/src/models" />
    <SUITE FILE_PATH="coverage/mvc_mlp_Caltech_2V$convergence_analysis.coverage" NAME="convergence_analysis Coverage Results" MODIFIED="1677567826504" SOURCE_PROVIDER="com.intellij.coverage.DefaultCoverageFileProvider" RUNNER="coverage.py" COVERAGE_BY_TEST_ENABLED="true" COVERAGE_TRACING_ENABLED="false" WORKING_DIRECTORY="$PROJECT_DIR$/src/models" />
    <SUITE FILE_PATH="coverage/JCT_Boost$evaluate.coverage" NAME="evaluate Coverage Results" MODIFIED="1678451948075" SOURCE_PROVIDER="com.intellij.coverage.DefaultCoverageFileProvider" RUNNER="coverage.py" COVERAGE_BY_TEST_ENABLED="true" COVERAGE_TRACING_ENABLED="false" WORKING_DIRECTORY="$PROJECT_DIR$/src/models" />
  </component>
</project>