<component name="InspectionProjectProfileManager">
  <profile version="1.0">
    <option name="myName" value="Project Default" />
    <inspection_tool class="DuplicatedCode" enabled="false" level="WEAK WARNING" enabled_by_default="false" />
    <inspection_tool class="PyShadowingBuiltinsInspection" enabled="false" level="WEAK WARNING" enabled_by_default="false" />
    <inspection_tool class="PyShadowingNamesInspection" enabled="false" level="WEAK WARNING" enabled_by_default="false" />
    <inspection_tool class="PyUnboundLocalVariableInspection" enabled="false" level="WARNING" enabled_by_default="false" />
    <inspection_tool class="PyUnresolvedReferencesInspection" enabled="true" level="WARNING" enabled_by_default="true">
      <option name="ignoredIdentifiers">
        <list>
          <option value="torch.utils.data" />
        </list>
      </option>
    </inspection_tool>
    <inspection_tool class="SpellCheckingInspection" enabled="false" level="TYPO" enabled_by_default="false">
      <option name="processCode" value="true" />
      <option name="processLiterals" value="true" />
      <option name="processComments" value="true" />
    </inspection_tool>
    <inspection_tool class="UnnecessaryLocalVariableJS" enabled="false" level="WARNING" enabled_by_default="false">
      <option name="m_ignoreImmediatelyReturnedVariables" value="false" />
      <option name="m_ignoreAnnotatedVariables" value="false" />
    </inspection_tool>
  </profile>
</component>